2,30.83,0,1,6,18,23,1.25,4,4,1,5,6,202,0,1
1,58.67,4.46,1,6,17,24,3.04,4,4,6,5,6,43,560,1
1,24.5,0.5,1,6,17,24,1.5,4,5,0,5,6,280,824,1
2,27.83,1.54,1,6,18,23,3.75,4,4,5,4,6,100,3,1
2,20.17,5.625,1,6,18,23,1.71,4,5,0,5,30,120,0,1
2,32.08,4,1,6,15,23,2.5,4,5,0,4,6,360,0,1
2,33.17,1.04,1,6,16,24,6.5,4,5,0,4,6,164,31285,1
1,22.92,11.585,1,6,11,23,0.04,4,5,0,5,6,80,1349,1
2,54.42,0.5,2,7,14,24,3.96,4,5,0,5,6,180,314,1
2,42.5,4.915,2,7,18,23,3.165,4,5,0,4,6,52,1442,1
2,22.08,0.83,1,6,9,24,2.165,5,5,0,4,6,128,0,1
2,29.92,1.835,1,6,9,24,4.335,4,5,0,5,6,260,200,1
1,38.25,6,1,6,14,23,1,4,5,0,4,6,0,0,1
2,48.08,6.04,1,6,14,23,0.04,5,5,0,5,6,0,2690,1
1,45.83,10.5,1,6,17,23,5,4,4,7,4,6,0,0,1
2,36.67,4.415,2,7,14,23,0.25,4,4,10,4,6,320,0,1
2,28.25,0.875,1,6,15,23,0.96,4,4,3,4,6,396,0,1
1,23.25,5.875,1,6,17,23,3.17,4,4,10,5,6,120,245,1
2,21.83,0.25,1,6,10,24,0.665,4,5,0,4,6,0,0,1
1,19.17,8.585,1,6,11,24,0.75,4,4,7,5,6,96,0,1
2,25,11.25,1,6,9,23,2.5,4,4,17,5,6,200,1208,1
2,23.25,1,1,6,9,23,0.835,4,5,0,5,30,300,0,1
1,47.75,8,1,6,9,23,7.875,4,4,6,4,6,0,1260,1
1,27.42,14.5,1,6,19,24,3.085,4,4,1,5,6,120,11,1
1,41.17,6.5,1,6,17,23,0.5,4,4,3,4,6,145,0,1
1,15.83,0.585,1,6,9,24,1.5,4,4,2,5,6,100,0,1
1,47,13,1,6,12,25,5.165,4,4,9,4,6,0,0,1
2,56.58,18.5,1,6,10,25,15,4,4,17,4,6,0,0,1
2,57.42,8.5,1,6,20,24,7,4,4,3,5,6,0,0,1
2,42.08,1.04,1,6,18,23,5,4,4,6,4,6,500,10000,1
2,29.25,14.79,1,6,21,23,5.04,4,4,5,4,6,168,0,1
2,42,9.79,1,6,19,24,7.96,4,4,8,5,6,0,0,1
2,49.5,7.585,1,6,12,25,7.585,4,4,15,4,6,0,5000,1
1,36.75,5.125,1,6,20,23,5,4,5,0,4,6,0,4000,1
1,22.58,10.75,1,6,17,23,0.415,4,4,5,4,6,0,560,1
2,27.83,1.5,1,6,18,23,2,4,4,11,4,6,434,35,1
2,27.25,1.585,1,6,11,24,1.835,4,4,12,4,6,583,713,1
1,23,11.75,1,6,19,24,0.5,4,4,2,4,6,300,551,1
2,27.75,0.585,2,7,11,23,0.25,4,4,2,5,6,260,500,1
2,54.58,9.415,1,6,22,22,14.415,4,4,11,4,6,30,300,1
2,34.17,9.17,1,6,9,23,4.5,4,4,12,4,6,0,221,1
2,28.92,15,1,6,9,24,5.335,4,4,11,5,6,0,2283,1
2,29.67,1.415,1,6,18,24,0.75,4,4,1,5,6,240,100,1
2,39.58,13.915,1,6,18,23,8.625,4,4,6,4,6,70,0,1
2,56.42,28,2,7,9,23,28.5,4,4,40,5,6,0,15,1
2,54.33,6.75,1,6,9,24,2.625,4,4,11,4,6,0,284,1
1,41,2.04,2,7,17,24,0.125,4,4,23,4,6,455,1236,1
2,31.92,4.46,1,6,11,24,6.04,4,4,3,5,6,311,300,1
2,41.5,1.54,1,6,12,25,3.5,5,5,0,5,6,216,0,1
2,23.92,0.665,1,6,9,23,0.165,5,5,0,5,6,100,0,1
1,25.75,0.5,1,6,9,24,0.875,4,5,0,4,6,491,0,1
2,26,1,1,6,17,23,1.75,4,5,0,4,6,280,0,1
2,37.42,2.04,1,6,18,23,0.04,4,5,0,4,6,400,5800,1
2,34.92,2.5,1,6,18,23,0,4,5,0,4,6,239,200,1
2,34.25,3,1,6,11,24,7.415,4,5,0,4,6,0,0,1
2,23.33,11.625,2,7,18,23,0.835,4,5,0,4,6,160,300,1
2,23.17,0,1,6,11,23,0.085,4,5,0,5,6,0,0,1
2,44.33,0.5,1,6,12,24,5,4,5,0,4,6,320,0,1
2,35.17,4.5,1,6,19,24,5.75,5,5,0,4,30,711,0,1
2,43.25,3,1,6,17,24,6,4,4,11,5,6,80,0,1
2,56.75,12.25,1,6,15,23,1.25,4,4,4,4,6,200,0,1
2,31.67,16.165,1,6,10,23,3,4,4,9,5,6,250,730,1
1,23.42,0.79,2,7,17,23,1.5,4,4,2,4,6,80,400,1
1,20.42,0.835,1,6,17,23,1.585,4,4,1,5,6,0,0,1
2,26.67,4.25,1,6,11,23,4.29,4,4,1,4,6,120,0,1
2,34.17,1.54,1,6,11,23,1.54,4,4,1,4,6,520,50000,1
1,36,1,1,6,9,23,2,4,4,11,5,6,0,456,1
2,25.5,0.375,1,6,15,23,0.25,4,4,3,5,6,260,15108,1
2,19.42,6.5,1,6,18,24,1.46,4,4,7,5,6,80,2954,1
2,35.17,25.125,1,6,19,24,1.625,4,4,1,4,6,515,500,1
2,32.33,7.5,1,6,20,25,1.585,4,5,0,4,30,420,0,2
2,34.83,4,1,6,10,25,12.5,4,5,0,4,6,0,0,2
1,38.58,5,1,6,11,23,13.5,4,5,0,4,6,980,0,2
2,44.25,0.5,1,6,15,23,10.75,4,5,0,5,30,400,0,2
2,44.83,7,2,7,9,23,1.625,5,5,0,5,6,160,2,2
2,20.67,5.29,1,6,17,23,0.375,4,4,1,5,6,160,0,2
2,34.08,6.5,1,6,21,23,0.125,4,5,0,4,6,443,0,2
1,19.17,0.585,2,7,21,23,0.585,4,5,0,4,6,160,0,2
2,21.67,1.165,2,7,14,23,2.5,4,4,1,5,6,180,20,2
2,21.5,9.75,1,6,9,23,0.25,4,5,0,5,6,140,0,2
2,49.58,19,1,6,22,22,0,4,4,1,5,6,94,0,2
1,27.67,1.5,1,6,15,23,2,4,5,0,5,30,368,0,2
2,39.83,0.5,1,6,15,23,0.25,4,5,0,5,30,288,0,2
1,0,3.5,1,6,10,23,3,4,5,0,4,6,300,0,2
2,27.25,0.625,1,6,21,23,0.455,4,5,0,4,6,200,0,2
2,37.17,4,1,6,9,25,5,4,5,0,4,30,280,0,2
2,0,0.375,1,6,10,23,0.875,4,5,0,4,30,928,0,2
2,25.67,2.21,2,7,21,23,4,4,5,0,5,6,188,0,2
2,34,4.5,1,6,21,23,1,4,5,0,4,6,240,0,2
1,49,1.5,1,6,13,13,0,4,5,0,4,6,100,27,2
2,62.5,12.75,2,7,9,24,5,4,5,0,5,6,112,0,2
2,31.42,15.5,1,6,9,23,0.5,4,5,0,5,6,120,0,2
2,0,5,2,7,21,23,8.5,4,5,0,5,6,0,0,2
2,52.33,1.375,2,7,9,24,9.46,4,5,0,4,6,200,100,2
2,28.75,1.5,2,7,9,23,1.5,4,5,0,4,6,0,225,2
1,28.58,3.54,1,6,12,25,0.5,4,5,0,4,6,171,0,2
2,23,0.625,2,7,21,23,0.125,4,5,0,5,6,180,1,2
2,0,0.5,1,6,9,25,0.835,4,5,0,4,30,320,0,2
1,22.5,11,2,7,17,23,3,4,5,0,4,6,268,0,2
1,28.5,1,1,6,17,23,1,4,4,2,4,6,167,500,2
2,37.5,1.75,2,7,9,25,0.25,4,5,0,4,6,164,400,2
2,35.25,16.5,2,7,9,23,4,4,5,0,5,6,80,0,2
2,18.67,5,1,6,17,23,0.375,4,4,2,5,6,0,38,2
2,25,12,1,6,14,23,2.25,4,4,2,4,6,120,5,2
2,27.83,4,2,7,12,24,5.75,4,4,2,4,6,75,0,2
2,54.83,15.5,1,6,20,27,0,4,4,20,5,6,152,130,2
2,28.75,1.165,1,6,14,23,0.5,4,5,0,5,30,280,0,2
1,25,11,2,7,21,23,4.5,4,5,0,5,6,120,0,2
2,40.92,2.25,2,7,19,24,10,4,5,0,4,6,176,0,2
1,19.75,0.75,1,6,9,23,0.795,4,4,5,4,6,140,5,2
2,29.17,3.5,1,6,18,23,3.5,4,4,3,4,6,329,0,2
1,24.5,1.04,2,7,22,22,0.5,4,4,3,5,6,180,147,2
2,24.58,12.5,1,6,18,23,0.875,4,5,0,4,6,260,0,2
1,33.75,0.75,1,6,14,25,1,4,4,3,4,6,212,0,2
2,20.67,1.25,2,7,9,24,1.375,4,4,3,4,6,140,210,2
1,25.42,1.125,1,6,17,23,1.29,4,4,2,5,6,200,0,2
2,37.75,7,1,6,17,24,11.5,4,4,7,4,6,300,5,2
2,52.5,6.5,1,6,14,23,6.29,4,4,15,5,6,0,11202,1
2,57.83,7.04,1,6,15,23,14,4,4,6,4,6,360,1332,1
1,20.75,10.335,1,6,11,24,0.335,4,4,1,4,6,80,50,1
2,39.92,6.21,1,6,17,23,0.04,4,4,1,5,6,200,300,1
2,25.67,12.5,1,6,11,23,1.21,4,4,67,4,6,140,258,1
1,24.75,12.5,1,6,21,23,1.5,4,4,12,4,6,120,567,1
1,44.17,6.665,1,6,17,23,7.375,4,4,3,4,6,0,0,1
1,23.5,9,1,6,17,23,8.5,4,4,5,4,6,120,0,1
2,34.92,5,1,6,19,24,7.5,4,4,6,4,6,0,1000,1
2,47.67,2.5,1,6,15,25,2.5,4,4,12,4,6,410,2510,1
2,22.75,11,1,6,17,23,2.5,4,4,7,4,6,100,809,1
2,34.42,4.25,1,6,12,25,3.25,4,4,2,5,6,274,610,1
1,28.42,3.5,1,6,18,23,0.835,4,5,0,5,30,280,0,1
2,67.75,5.5,1,6,20,27,13,4,4,1,4,6,0,0,1
2,20.42,1.835,1,6,9,23,2.25,4,4,1,5,6,100,150,1
1,47.42,8,1,6,20,25,6.5,4,4,6,5,6,375,51100,1
2,36.25,5,1,6,9,25,2.5,4,4,6,5,6,0,367,1
2,32.67,5.5,1,6,17,24,5.5,4,4,12,4,6,408,1000,1
2,48.58,6.5,1,6,17,24,6,4,5,0,4,6,350,0,1
2,39.92,0.54,2,7,21,23,0.5,4,4,3,5,6,200,1000,1
2,33.58,2.75,1,6,15,23,4.25,4,4,6,5,6,204,0,1
1,18.83,9.5,1,6,18,23,1.625,4,4,6,4,6,40,600,1
1,26.92,13.5,1,6,17,24,5,4,4,2,5,6,0,5000,1
1,31.25,3.75,1,6,11,24,0.625,4,4,9,4,6,181,0,1
1,56.5,16,1,6,13,22,0,4,4,15,5,6,0,247,1
2,43,0.29,2,7,11,24,1.75,4,4,8,5,6,100,375,1
2,22.33,11,1,6,18,23,2,4,4,1,5,6,80,278,1
2,27.25,1.665,1,6,11,24,5.085,4,4,9,5,6,399,827,1
2,32.83,2.5,1,6,11,24,2.75,4,4,6,5,6,160,2072,1
2,23.25,1.5,1,6,17,23,2.375,4,4,3,4,6,0,582,1
1,40.33,7.54,2,7,17,24,8,4,4,14,5,6,0,2300,1
1,30.5,6.5,1,6,9,25,4,4,4,7,4,6,0,3065,1
1,52.83,15,1,6,9,23,5.5,4,4,14,5,6,0,2200,1
1,46.67,0.46,1,6,11,24,0.415,4,4,11,4,6,440,6,1
1,58.33,10,1,6,17,23,4,4,4,14,5,6,0,1602,1
2,37.33,6.5,1,6,15,24,4.25,4,4,12,4,6,93,0,1
2,23.08,2.5,1,6,9,23,1.085,4,4,11,4,6,60,2184,1
2,32.75,1.5,1,6,11,24,5.5,4,4,3,4,6,0,0,1
1,21.67,11.5,2,7,13,13,0,4,4,11,4,6,0,0,1
1,28.5,3.04,2,7,19,24,2.54,4,4,1,5,6,70,0,1
1,68.67,15,1,6,20,27,0,4,4,14,5,6,0,3376,1
2,28,2,1,6,14,24,4.165,4,4,2,4,6,181,0,1
2,34.08,0.08,2,7,15,25,0.04,4,4,1,4,6,280,2000,1
2,27.67,2,1,6,19,24,1,4,4,4,5,6,140,7544,1
2,44,2,1,6,15,23,1.75,4,4,2,4,6,0,15,1
2,25.08,1.71,1,6,19,23,1.665,4,4,1,4,6,395,20,1
2,32,1.75,2,7,20,24,0.04,4,5,0,4,6,393,0,1
1,60.58,16.5,1,6,17,23,11,4,5,0,4,6,21,10561,1
1,40.83,10,1,6,17,24,1.75,4,5,0,5,6,29,837,1
2,19.33,9.5,1,6,17,23,1,4,5,0,4,6,60,400,1
1,32.33,0.54,1,6,11,23,0.04,4,5,0,5,6,440,11177,1
2,36.67,3.25,1,6,17,24,9,4,5,0,4,6,102,639,1
2,37.5,1.125,2,7,10,23,1.5,5,5,0,4,6,431,0,1
1,25.08,2.54,2,7,21,23,0.25,4,5,0,4,6,370,0,1
2,41.33,0,1,6,9,25,15,4,5,0,5,6,0,0,1
2,56,12.5,1,6,14,24,8,4,5,0,4,6,24,2028,1
1,49.83,13.585,1,6,14,24,8.5,4,5,0,4,6,0,0,1
2,22.67,10.5,1,6,17,24,1.335,4,5,0,5,6,100,0,1
2,27,1.5,2,7,18,23,0.375,4,5,0,4,6,260,1065,1
2,25,12.5,1,6,21,23,3,4,5,0,4,30,20,0,1
1,26.08,8.665,1,6,21,23,1.415,4,5,0,5,6,160,150,1
1,18.42,9.25,1,6,17,23,1.21,4,4,4,5,6,60,540,1
2,20.17,8.17,1,6,21,23,1.96,4,4,14,5,6,60,158,1
2,47.67,0.29,1,6,9,25,15,4,4,20,5,6,0,15000,1
1,21.25,2.335,1,6,12,25,0.5,4,4,4,5,30,80,0,1
1,20.67,3,1,6,17,23,0.165,4,4,3,5,6,100,6,1
1,57.08,19.5,1,6,9,23,5.5,4,4,7,5,6,0,3000,1
1,22.42,5.665,1,6,17,23,2.585,4,4,7,5,6,129,3257,1
2,48.75,8.5,1,6,9,24,12.5,4,4,9,5,6,181,1655,1
2,40,6.5,1,6,21,25,3.5,4,4,1,5,6,0,500,1
2,40.58,5,1,6,9,23,5,4,4,7,5,6,0,3065,1
1,28.67,1.04,1,6,9,23,2.5,4,4,5,4,6,300,1430,1
1,33.08,4.625,1,6,17,24,1.625,4,4,2,5,6,0,0,1
2,21.33,10.5,1,6,9,23,3,4,5,0,4,6,0,0,1
2,42,0.205,1,6,12,24,5.125,4,5,0,5,6,400,0,1
2,41.75,0.96,1,6,19,23,2.5,4,5,0,5,6,510,600,1
2,22.67,1.585,2,7,18,23,3.085,4,4,6,5,6,80,0,1
2,34.5,4.04,2,7,12,25,8.5,4,4,7,4,6,195,0,1
2,28.25,5.04,2,7,9,25,1.5,4,4,8,4,6,144,7,1
2,33.17,3.165,2,7,19,23,3.165,4,4,3,4,6,380,0,1
2,48.17,7.625,1,6,18,24,15.5,4,4,12,5,6,0,790,1
2,27.58,2.04,2,7,21,23,2,4,4,3,4,6,370,560,1
2,22.58,10.04,1,6,19,23,0.04,4,4,9,5,6,60,396,1
1,24.08,0.5,1,6,17,24,1.25,4,4,1,5,6,0,678,1
1,41.33,1,1,6,12,25,2.25,4,5,0,4,6,0,300,1
2,24.83,2.75,1,6,9,23,2.25,4,4,6,5,6,0,600,1
1,20.75,10.25,1,6,17,23,0.71,4,4,2,4,6,49,0,1
2,36.33,2.125,2,7,18,23,0.085,4,4,1,5,6,50,1187,1
1,35.42,12,1,6,17,24,14,4,4,8,5,6,0,6590,1
1,71.58,0,0,0,0,0,0,5,5,0,5,7,0,0,1
2,28.67,9.335,1,6,17,24,5.665,4,4,6,5,6,381,168,1
2,35.17,2.5,1,6,14,23,4.5,4,4,7,5,6,150,1270,1
2,39.5,4.25,1,6,9,25,6.5,4,4,16,5,6,117,1210,1
2,39.33,5.875,1,6,11,24,10,4,4,14,4,6,399,0,1
2,24.33,6.625,2,7,10,23,5.5,4,5,0,4,30,100,0,1
2,60.08,14.5,1,6,22,22,18,4,4,15,4,6,0,1000,1
2,23.08,11.5,1,6,12,23,3.5,4,4,9,5,6,56,742,1
2,26.67,2.71,2,7,11,23,5.25,4,4,1,5,6,211,0,1
2,48.17,3.5,1,6,21,23,3.5,4,5,0,5,30,230,0,1
2,41.17,4.04,1,6,11,24,7,4,4,8,5,6,320,0,1
2,55.92,11.5,1,6,22,22,5,4,4,5,5,6,0,8851,1
2,53.92,9.625,1,6,20,23,8.665,4,4,5,5,6,0,0,1
1,18.92,9.25,2,7,9,23,1,4,4,4,4,6,80,500,1
1,50.08,12.54,1,6,21,23,2.29,4,4,3,4,6,156,0,1
2,65.42,11,1,6,20,27,20,4,4,7,4,6,22,0,1
1,17.58,9,1,6,21,23,1.375,4,5,0,4,6,0,0,1
1,18.83,9.54,1,6,21,23,0.085,4,5,0,5,6,100,0,1
1,37.75,5.5,1,6,17,23,0.125,4,5,0,4,6,228,0,1
2,23.25,4,1,6,9,25,0.25,4,5,0,4,6,160,0,1
2,18.08,5.5,1,6,14,23,0.5,4,5,0,5,6,80,0,1
1,22.5,8.46,2,7,19,23,2.46,5,5,0,5,6,164,0,1
2,19.67,0.375,1,6,17,23,2,4,4,2,4,6,80,0,1
2,22.08,11,1,6,11,23,0.665,4,5,0,5,6,100,0,1
2,25.17,3.5,1,6,11,23,0.625,4,4,7,5,6,0,7059,1
1,47.42,3,1,6,19,23,13.875,4,4,2,4,6,519,1704,1
2,33.5,1.75,1,6,19,24,4.5,4,4,4,4,6,253,857,1
2,27.67,13.75,1,6,18,23,5.75,4,5,0,4,6,487,500,1
1,58.42,21,1,6,12,25,10,4,4,13,5,6,0,6700,1
1,20.67,1.835,1,6,17,23,2.085,4,4,5,5,6,220,2503,1
2,26.17,0.25,1,6,12,25,0,4,5,0,4,6,0,0,1
2,21.33,7.5,1,6,21,23,1.415,4,4,1,5,6,80,9800,1
2,42.83,4.625,1,6,17,23,4.58,4,5,0,5,30,0,0,1
2,38.17,10.125,1,6,19,23,2.5,4,4,6,5,6,520,196,1
2,20.5,10,2,7,9,23,2.5,4,5,0,5,30,40,0,1
2,48.25,25.085,1,6,18,23,1.75,4,4,3,5,6,120,14,1
2,28.33,5,1,6,18,23,11,4,5,0,4,6,70,0,1
1,18.75,7.5,1,6,17,23,2.71,4,4,5,5,6,0,26726,1
2,18.5,2,1,6,12,23,1.5,4,4,2,5,6,120,300,1
2,33.17,3.04,2,7,9,24,2.04,4,4,1,4,6,180,18027,1
2,45,8.5,1,6,11,24,14,4,4,1,4,6,88,2000,1
1,19.67,0.21,1,6,17,24,0.29,4,4,11,5,6,80,99,1
0,24.5,12.75,1,6,9,25,4.75,4,4,2,5,6,73,444,1
2,21.83,11,1,6,19,23,0.29,4,4,6,5,6,121,0,1
2,40.25,21.5,1,6,20,27,20,4,4,11,5,6,0,1200,1
2,41.42,5,1,6,17,24,5,4,4,6,4,6,470,0,1
1,17.83,11,1,6,19,24,1,4,4,11,5,6,0,3000,1
2,23.17,11.125,1,6,19,24,0.46,4,4,1,5,6,100,0,1
2,0,0.625,1,6,14,23,0.25,5,5,0,5,6,380,2010,2
2,18.17,10.25,1,6,9,24,1.085,5,5,0,5,6,320,13,2
2,20,11.045,1,6,9,23,2,5,5,0,4,6,136,0,2
2,20,0,1,6,10,23,0.5,5,5,0,5,6,144,0,2
1,20.75,9.54,1,6,12,23,0.04,5,5,0,5,6,200,1000,2
1,24.5,1.75,2,7,9,23,0.165,5,5,0,5,6,132,0,2
2,32.75,2.335,1,6,10,24,5.75,5,5,0,4,6,292,0,2
1,52.17,0,2,7,22,22,0,5,5,0,5,6,0,0,2
1,48.17,1.335,1,6,12,29,0.335,5,5,0,5,6,0,120,2
1,20.42,10.5,2,7,19,24,0,5,5,0,4,6,154,32,2
2,50.75,0.585,1,6,22,22,0,5,5,0,5,6,145,0,2
2,17.08,0.085,2,7,9,23,0.04,5,5,0,5,6,140,722,2
2,18.33,1.21,2,7,20,28,0,5,5,0,5,6,100,0,2
1,32,6,1,6,10,23,1.25,5,5,0,5,6,272,0,2
2,59.67,1.54,1,6,17,23,0.125,4,5,0,4,6,260,0,1
2,18,0.165,1,6,17,26,0.21,5,5,0,5,6,200,40,1
2,37.58,0,0,0,0,0,0,5,5,0,5,7,0,0,1
2,32.33,2.5,1,6,9,23,1.25,5,5,0,4,6,280,0,2
2,18.08,6.75,2,7,15,23,0.04,5,5,0,5,6,140,0,2
2,38.25,10.125,2,7,14,23,0.125,5,5,0,5,6,160,0,2
2,30.67,2.5,1,6,11,24,2.25,5,5,0,4,30,340,0,2
2,18.58,5.71,1,6,10,23,0.54,5,5,0,5,6,120,0,2
1,19.17,5.415,1,6,12,24,0.29,5,5,0,5,6,80,484,2
1,18.17,10,2,7,17,24,0.165,5,5,0,5,6,340,0,2
2,24.58,13.5,2,7,22,22,0,5,5,0,5,6,0,0,2
2,16.25,0.835,1,6,15,23,0.085,4,5,0,5,30,200,0,2
2,21.17,0.875,2,7,9,24,0.25,5,5,0,5,6,280,204,2
2,23.92,0.585,2,7,11,24,0.125,5,5,0,5,6,240,1,2
2,17.67,4.46,1,6,9,23,0.25,5,5,0,5,30,80,0,2
1,16.5,1.25,1,6,17,23,0.25,5,4,1,5,6,108,98,2
2,23.25,12.625,1,6,9,23,0.125,5,4,2,5,6,0,5552,2
2,17.58,10,1,6,18,24,0.165,5,4,1,5,6,120,1,2
1,0,1.5,1,6,22,22,0,5,4,2,4,6,200,105,2
2,29.5,0.58,1,6,18,23,0.29,5,4,1,5,6,340,2803,2
2,18.83,0.415,2,7,9,23,0.165,5,4,1,5,6,200,1,2
1,21.75,1.75,2,7,13,13,0,5,5,0,5,6,160,0,2
2,23,0.75,1,6,15,23,0.5,5,5,0,4,30,320,0,2
1,18.25,10,1,6,18,23,1,5,4,1,5,6,120,1,2
2,25.42,0.54,1,6,18,23,0.165,5,4,1,5,6,272,444,2
2,35.75,2.415,1,6,18,23,0.125,5,4,2,5,6,220,1,2
1,16.08,0.335,1,6,22,22,0,5,4,1,5,6,160,126,2
1,31.92,3.125,1,6,22,22,3.04,5,4,2,4,6,200,4,2
2,69.17,9,1,6,22,22,4,5,4,1,5,6,70,6,2
2,32.92,2.5,1,6,21,23,1.75,5,4,2,4,6,720,0,2
2,16.33,2.75,1,6,21,23,0.665,5,4,1,5,6,80,21,2
2,22.17,12.125,1,6,9,23,3.335,5,4,2,4,6,180,173,2
1,57.58,2,1,6,22,22,6.5,5,4,1,5,6,0,10,2
2,18.25,0.165,1,6,10,23,0.25,5,5,0,4,30,280,0,2
2,23.42,1,1,6,9,23,0.5,5,5,0,4,30,280,0,2
1,15.92,2.875,1,6,17,23,0.085,5,5,0,5,6,120,0,2
1,24.75,13.665,1,6,17,24,1.5,5,5,0,5,6,280,1,2
2,48.75,26.335,2,7,22,22,0,4,5,0,4,6,0,0,2
2,23.5,2.75,1,6,22,22,4.5,5,5,0,5,6,160,25,2
2,18.58,10.29,1,6,22,22,0.415,5,5,0,5,6,80,0,2
2,27.75,1.29,1,6,14,24,0.25,5,5,0,4,30,140,0,2
1,31.75,3,2,7,13,13,0,5,5,0,5,6,160,20,2
1,24.83,4.5,1,6,18,23,1,5,5,0,4,6,360,6,2
2,19,1.75,2,7,9,23,2.335,5,5,0,4,6,112,6,2
1,16.33,0.21,1,6,21,23,0.125,5,5,0,5,6,200,1,2
1,18.58,10,1,6,10,23,0.415,5,5,0,5,6,80,42,2
2,16.25,0,2,7,21,23,0.25,5,5,0,5,6,60,0,2
2,23,0.75,1,6,15,23,0.5,4,5,0,4,30,320,0,2
2,21.17,0.25,2,7,9,24,0.25,5,5,0,5,6,280,204,2
2,17.5,22,3,8,22,29,0,5,5,0,4,7,450,1e+05,1
2,19.17,0,2,7,15,25,0,5,5,0,4,30,500,1,1
2,36.75,0.125,2,7,9,23,1.5,5,5,0,4,6,232,113,1
2,21.25,1.5,1,6,18,23,1.5,5,5,0,5,6,150,8,1
1,18.08,0.375,3,8,11,22,10,5,5,0,4,30,300,0,1
1,33.67,0.375,1,6,11,23,0.375,5,5,0,5,6,300,44,1
2,48.58,0.205,2,7,14,23,0.25,4,4,11,5,6,380,2732,1
2,33.67,1.25,1,6,18,23,1.165,5,5,0,5,6,120,0,2
1,29.5,1.085,2,7,19,23,1,5,5,0,5,6,280,13,2
2,30.17,1.085,2,7,9,23,0.04,5,5,0,5,6,170,179,2
0,40.83,3.5,1,6,12,25,0.5,5,5,0,5,30,1160,0,2
2,34.83,2.5,2,7,18,23,3,5,5,0,5,30,200,0,2
2,0,4,2,7,12,23,0.085,5,5,0,4,6,411,0,2
2,20.42,0,0,0,0,0,0,5,5,0,5,7,0,0,2
1,33.25,2.5,2,7,9,23,2.5,5,5,0,4,6,0,2,2
2,34.08,2.5,1,6,9,23,1,5,5,0,5,6,460,16,2
1,25.25,12.5,1,6,10,23,1,5,5,0,4,6,180,1062,2
2,34.75,2.5,1,6,11,25,0.5,5,5,0,5,6,348,0,2
2,27.67,0.75,1,6,17,24,0.165,5,5,0,4,6,220,251,2
2,47.33,6.5,1,6,9,23,1,5,5,0,4,6,0,228,2
1,34.83,1.25,2,7,12,24,0.5,5,5,0,4,6,160,0,2
1,33.25,3,2,7,21,23,2,5,5,0,5,6,180,0,2
2,28,3,1,6,18,23,0.75,5,5,0,4,6,300,67,2
1,39.08,4,1,6,9,23,3,5,5,0,5,6,480,0,2
2,42.75,4.085,1,6,21,23,0.04,5,5,0,5,6,108,100,2
2,26.92,2.25,1,6,12,25,0.5,5,5,0,4,6,640,4000,2
2,33.75,2.75,1,6,12,25,0,5,5,0,5,6,180,0,2
2,38.92,1.75,1,6,14,23,0.5,5,5,0,4,6,300,2,2
2,62.75,7,1,6,20,27,0,5,5,0,5,6,0,12,2
0,32.25,1.5,1,6,9,23,0.25,5,5,0,4,6,372,122,2
2,26.75,4.5,2,7,9,25,2.5,5,5,0,5,6,200,1210,2
2,63.33,0.54,1,6,9,23,0.585,4,4,3,4,6,180,0,2
2,27.83,1.5,1,6,18,23,2.25,5,4,1,4,6,100,3,2
1,26.17,2,1,6,13,13,0,5,5,0,4,6,276,1,2
2,22.17,0.585,2,7,22,22,0,5,5,0,5,6,100,0,2
2,22.5,11.5,2,7,15,23,1.5,5,5,0,4,6,0,4000,2
2,30.75,1.585,1,6,10,23,0.585,5,5,0,4,30,0,0,2
2,36.67,2,1,6,12,23,0.25,5,5,0,4,6,221,0,2
1,16,0.165,1,6,21,23,1,5,4,2,4,6,320,1,2
2,41.17,1.335,1,6,10,23,0.165,5,5,0,5,6,168,0,2
1,19.5,0.165,1,6,17,23,0.04,5,5,0,4,6,380,0,2
2,32.42,3,1,6,10,23,0.165,5,5,0,4,6,120,0,2
1,36.75,4.71,1,6,22,22,0,5,5,0,5,6,160,0,2
1,30.25,5.5,1,6,14,23,5.5,5,5,0,4,30,100,0,2
2,23.08,2.5,1,6,22,22,0.085,5,5,0,4,6,100,4208,2
2,26.83,0.54,1,6,14,22,0,5,5,0,5,6,100,0,2
2,16.92,0.335,2,7,14,23,0.29,5,5,0,5,30,200,0,2
2,24.42,2,1,6,20,28,0.165,5,4,2,5,6,320,1300,2
2,42.83,1.25,1,6,15,23,13.875,5,4,1,4,6,352,112,2
1,22.75,6.165,1,6,21,23,0.165,5,5,0,5,6,220,1000,2
2,39.42,1.71,2,7,15,23,0.165,5,5,0,5,30,400,0,2
1,23.58,11.5,2,7,14,24,3,5,5,0,4,6,20,16,2
2,21.42,0.75,2,7,16,26,0.75,5,5,0,4,6,132,2,2
2,33,2.5,2,7,18,23,7,5,5,0,4,6,280,0,2
2,26.33,13,1,6,20,28,0,5,5,0,4,6,140,1110,2
1,45,4.585,1,6,14,24,1,5,5,0,4,30,240,0,2
2,26.25,1.54,1,6,18,23,0.125,5,5,0,5,6,100,0,2
0,28.17,0.585,1,6,21,23,0.04,5,5,0,5,6,260,1004,2
1,20.83,0.5,2,7,20,28,1,5,5,0,5,6,260,0,2
2,28.67,14.5,1,6,10,23,0.125,5,5,0,5,6,0,286,2
2,20.67,0.835,2,7,9,23,2,5,5,0,4,30,240,0,2
2,34.42,1.335,1,6,12,25,0.125,5,5,0,4,6,440,4500,2
2,33.58,0.25,1,6,12,25,4,5,5,0,4,30,420,0,2
2,43.17,5,1,6,12,25,2.25,5,5,0,4,6,141,0,2
1,22.67,7,1,6,9,23,0.165,5,5,0,5,6,160,0,2
1,24.33,2.5,2,7,12,25,4.5,5,5,0,5,6,200,456,2
1,56.83,4.25,2,7,22,22,5,5,5,0,4,6,0,4,2
2,22.08,11.46,1,6,14,23,1.585,5,5,0,4,6,100,1212,2
2,34,5.5,2,7,9,23,1.5,5,5,0,4,6,60,0,2
2,22.58,1.5,2,7,21,23,0.54,5,5,0,4,6,120,67,2
2,21.17,0,1,6,9,23,0.5,5,5,0,4,30,0,0,2
2,26.67,14.585,1,6,12,25,0,5,5,0,4,6,178,0,2
2,22.92,0.17,1,6,15,23,0.085,5,5,0,5,30,0,0,2
2,15.17,7,1,6,20,23,1,5,5,0,5,6,600,0,2
2,39.92,5,1,6,12,25,0.21,5,5,0,5,6,550,0,2
2,27.42,12.5,1,6,21,25,0.25,5,5,0,4,6,720,0,2
2,24.75,0.54,1,6,15,23,1,5,5,0,4,6,120,1,2
2,41.17,1.25,2,7,18,23,0.25,5,5,0,5,6,0,195,2
1,33.08,1.625,1,6,10,23,0.54,5,5,0,4,6,0,0,2
2,29.83,2.04,2,7,19,24,0.04,5,5,0,5,6,128,1,2
1,23.58,0.585,2,7,22,22,0.125,5,5,0,5,6,120,87,2
2,26.17,12.5,2,7,14,24,1.25,5,5,0,4,6,0,17,2
2,31,2.085,1,6,9,23,0.085,5,5,0,5,6,300,0,2
2,20.75,5.085,2,7,13,23,0.29,5,5,0,5,6,140,184,2
2,28.92,0.375,1,6,9,23,0.29,5,5,0,5,6,220,140,2
1,51.92,6.5,1,6,12,25,3.085,5,5,0,4,6,73,0,2
1,22.67,0.335,1,6,17,23,0.75,5,5,0,5,30,160,0,2
2,34,5.085,2,7,12,25,1.085,5,5,0,4,6,480,0,2
1,69.5,6,1,6,22,22,0,5,5,0,5,30,0,0,2
1,40.33,8.125,2,7,14,23,0.165,5,4,2,5,6,0,18,2
1,19.58,0.665,2,7,9,23,1,5,4,1,5,6,2000,2,2
2,16,3.125,1,6,18,23,0.085,5,4,1,5,6,0,6,2
2,17.08,0.25,1,6,17,23,0.335,5,4,4,5,6,160,8,2
2,31.25,2.835,1,6,22,22,0,5,4,5,5,6,176,146,2
2,25.17,3,1,6,9,23,1.25,5,4,1,5,6,0,22,2
1,22.67,0.79,1,6,12,23,0.085,5,5,0,5,6,144,0,2
2,40.58,1.5,1,6,12,25,0,5,5,0,5,30,300,0,2
2,22.25,0.46,1,6,14,23,0.125,5,5,0,4,6,280,55,2
1,22.25,1.25,2,7,22,22,3.25,5,5,0,5,6,280,0,2
2,22.5,0.125,2,7,14,23,0.125,5,5,0,5,6,200,70,2
2,23.58,1.79,1,6,9,23,0.54,5,5,0,4,6,136,1,2
2,38.42,0.705,1,6,9,23,0.375,5,4,2,5,6,225,500,2
1,26.58,2.54,2,7,22,22,0,5,5,0,4,6,180,60,2
2,35,2.5,1,6,12,23,1,5,5,0,4,6,210,0,2
2,20.42,1.085,1,6,17,23,1.5,5,5,0,5,6,108,7,2
2,29.42,1.25,1,6,18,23,1.75,5,5,0,5,6,200,0,2
2,26.17,0.835,1,6,11,23,1.165,5,5,0,5,6,100,0,2
2,33.67,2.165,1,6,9,23,1.5,5,5,0,5,7,120,0,2
2,24.58,1.25,1,6,9,23,0.25,5,5,0,5,6,110,0,2
1,27.67,2.04,1,6,18,23,0.25,5,5,0,4,6,180,50,2
2,37.5,0.835,1,6,20,23,0.04,5,5,0,5,6,120,5,2
2,49.17,2.29,1,6,22,22,0.29,5,5,0,5,6,200,3,2
2,33.58,0.335,2,7,11,23,0.085,5,5,0,5,6,180,0,2
2,51.83,3,2,7,22,22,1.5,5,5,0,5,6,180,4,2
2,22.92,3.165,2,7,9,23,0.165,5,5,0,5,6,160,1058,2
2,21.83,1.54,1,6,14,23,0.085,5,5,0,4,6,356,0,2
2,25.25,1,1,6,21,23,0.5,5,5,0,5,6,200,0,2
2,58.58,2.71,1,6,9,23,2.415,5,5,0,4,6,320,0,2
2,19,0,2,7,22,22,0,5,4,4,5,6,45,1,2
2,19.58,0.585,1,6,22,22,0,5,4,3,5,6,350,769,2
1,53.33,0.165,1,6,22,22,0,5,5,0,4,30,62,27,2
1,27.17,1.25,1,6,22,22,0,5,4,1,5,6,92,300,2
2,25.92,0.875,1,6,14,23,0.375,5,4,2,4,6,174,3,2
2,23.08,0,1,6,14,23,1,5,4,11,5,30,0,0,2
2,39.58,5,1,6,22,22,0,5,4,2,5,6,17,1,2
2,30.58,2.71,2,7,15,23,0.125,5,5,0,4,30,80,0,2
2,17.25,3,1,6,14,23,0.04,5,5,0,4,6,160,40,2
1,17.67,0,2,7,13,22,0,5,5,0,5,6,86,0,2
1,0,11.25,1,6,22,22,0,5,5,0,5,6,0,5200,2
2,16.5,0.125,1,6,9,23,0.165,5,5,0,5,6,132,0,2
1,27.33,1.665,1,6,22,22,0,5,5,0,5,6,340,1,2
2,31.25,1.125,1,6,22,22,0,5,4,1,5,6,96,19,2
2,20,7,1,6,9,23,0.5,5,5,0,5,6,0,0,2
2,0,3,2,7,12,25,7,5,5,0,5,6,0,1,2
2,39.5,1.625,1,6,9,23,1.5,5,5,0,5,6,0,316,2
2,36.5,4.25,1,6,17,23,3.5,5,5,0,5,6,454,50,2
0,29.75,0.665,1,6,18,23,0.25,5,5,0,4,6,300,0,2
2,52.42,1.5,1,6,10,23,3.75,5,5,0,4,6,0,350,2
2,36.17,18.125,1,6,18,23,0.085,5,5,0,5,6,320,3552,2
2,34.58,0,0,0,0,0,0,5,5,0,5,7,0,0,2
2,29.67,0.75,2,7,9,23,0.04,5,5,0,5,6,240,0,2
2,36.17,5.5,1,6,12,25,5,5,5,0,5,6,210,687,2
2,25.67,0.29,2,7,9,23,1.5,5,5,0,4,6,160,0,2
1,24.5,2.415,2,7,9,23,0,5,5,0,5,6,120,0,2
2,24.08,0.875,1,6,15,23,0.085,5,4,4,5,6,254,1950,2
2,21.92,0.5,1,6,9,23,0.125,5,5,0,5,6,360,0,2
1,36.58,0.29,1,6,22,22,0,5,4,10,5,6,200,18,2
1,23,1.835,1,6,13,13,0,5,4,1,5,6,200,53,2
1,27.58,3,1,6,15,23,2.79,5,4,1,4,6,280,10,2
2,31.08,3.085,1,6,9,23,2.5,5,4,2,4,6,160,41,2
1,30.42,1.375,1,6,18,24,0.04,5,4,3,5,6,0,33,2
2,22.08,2.335,1,6,14,23,0.75,5,5,0,5,6,180,0,2
2,16.33,4.085,1,6,12,24,0.415,5,5,0,4,6,120,0,2
1,21.92,11.665,1,6,14,24,0.085,5,5,0,5,6,320,5,2
2,21.08,4.125,2,7,12,24,0.04,5,5,0,5,6,140,100,2
2,17.42,6.5,1,6,12,23,0.125,5,5,0,5,6,60,100,2
2,19.17,4,2,7,12,23,1,5,5,0,4,6,360,1000,2
2,20.67,0.415,1,6,9,23,0.125,5,5,0,5,6,0,44,2
2,26.75,2,1,6,10,23,0.75,5,5,0,4,6,80,0,2
2,23.58,0.835,1,6,12,24,0.085,5,5,0,4,6,220,5,2
2,39.17,2.5,2,7,12,24,10,5,5,0,4,30,200,0,2
2,22.75,11.5,1,6,12,23,0.415,5,5,0,5,6,0,0,2
0,26.5,2.71,2,7,0,0,0.085,5,5,0,5,30,80,0,2
1,16.92,0.5,1,6,12,23,0.165,5,4,6,4,6,240,35,2
2,23.5,3.165,2,7,14,23,0.415,5,4,1,4,6,280,80,2
1,17.33,9.5,1,6,21,23,1.75,5,4,10,4,6,0,10,2
2,23.75,0.415,2,7,9,23,0.04,5,4,2,5,6,128,6,2
2,34.67,1.08,1,6,15,23,1.165,5,5,0,5,30,28,0,2
2,74.83,19,2,7,22,22,0.04,5,4,2,5,6,0,351,2
2,28.17,0.125,2,7,14,23,0.085,5,5,0,5,6,216,2100,2
2,24.5,13.335,2,7,21,23,0.04,5,5,0,4,6,120,475,2
2,18.83,3.54,2,7,22,22,0,5,5,0,4,6,180,1,2
0,45.33,1,1,6,17,23,0.125,5,5,0,4,6,263,0,2
1,47.25,0.75,1,6,17,24,2.75,4,4,1,5,6,333,892,1
2,24.17,0.875,1,6,17,23,4.625,4,4,2,4,6,520,2000,1
2,39.25,9.5,1,6,15,23,6.5,4,4,14,5,6,240,4607,1
1,20.5,11.835,1,6,9,24,6,4,5,0,5,6,340,0,1
1,18.83,4.415,2,7,9,24,3,4,5,0,5,6,240,0,1
2,19.17,9.5,1,6,18,23,1.5,4,5,0,5,6,120,2206,1
1,25,0.875,1,6,19,24,1.04,4,5,0,4,6,160,5860,1
2,20.17,9.25,1,6,9,23,1.665,4,4,3,4,6,40,28,1
2,25.75,0.5,1,6,9,23,1.46,4,4,5,4,6,312,0,1
2,20.42,7,1,6,9,23,1.625,4,4,3,5,6,200,1391,1
2,0,4,1,6,19,23,5,4,4,3,4,6,290,2279,1
2,39,5,1,6,11,23,3.5,4,4,10,4,6,0,0,1
1,64.08,0.165,1,6,22,22,0,4,4,1,5,6,232,100,1
2,28.25,5.125,1,6,19,23,4.75,4,4,2,5,6,420,7,1
1,28.75,3.75,1,6,9,23,1.085,4,4,1,4,6,371,0,1
2,31.33,19.5,1,6,9,23,7,4,4,16,5,6,0,5000,1
1,18.92,9,1,6,21,23,0.75,4,4,2,5,6,88,591,1
1,24.75,3,1,6,17,24,1.835,4,4,19,5,6,0,500,1
1,30.67,12,1,6,9,23,2,4,4,1,5,6,220,19,1
2,21,4.79,2,7,18,23,2.25,4,4,1,4,6,80,300,1
2,13.75,4,2,7,18,23,1.75,4,4,2,4,6,120,1000,1
1,46,4,1,6,13,13,0,4,5,0,5,6,100,960,1
1,44.33,0,1,6,9,23,2.5,4,5,0,5,6,0,0,1
2,20.25,9.96,1,6,20,28,0,4,5,0,5,6,0,0,1
2,22.67,2.54,2,7,9,24,2.585,4,5,0,5,6,0,0,1
2,0,10.5,1,6,19,23,6.5,4,5,0,5,6,0,0,1
1,60.92,5,1,6,21,23,4,4,4,4,5,6,0,99,1
2,16.08,0.75,1,6,9,23,1.75,4,4,5,4,6,352,690,1
1,28.17,0.375,1,6,17,23,0.585,4,4,4,5,6,80,0,1
2,39.17,1.71,1,6,19,23,0.125,4,4,5,4,6,480,0,1
0,20.42,7.5,1,6,14,23,1.5,4,4,1,5,6,160,234,1
1,30,5.29,1,6,20,28,2.25,4,4,5,4,6,99,500,1
2,22.83,3,1,6,15,23,1.29,4,4,1,5,6,260,800,1
1,22.5,8.5,1,6,17,23,1.75,4,4,10,5,6,80,990,2
1,28.58,1.665,1,6,17,23,2.415,4,5,0,4,6,440,0,2
2,45.17,1.5,1,6,9,23,2.5,4,5,0,4,6,140,0,2
2,41.58,1.75,1,6,14,23,0.21,4,5,0,5,6,160,0,2
1,57.08,0.335,1,6,12,25,1,4,5,0,4,6,252,2197,2
1,55.75,7.08,1,6,14,24,6.75,4,4,3,4,6,100,50,2
2,43.25,25.21,1,6,17,24,0.21,4,4,1,5,6,760,90,2
1,25.33,2.085,1,6,9,24,2.75,4,5,0,4,6,360,1,2
1,24.58,0.67,1,6,21,24,1.75,4,5,0,5,6,400,0,2
2,43.17,2.25,1,6,12,25,0.75,4,5,0,5,6,560,0,2
2,40.92,0.835,1,6,22,22,0,4,5,0,5,6,130,1,2
2,31.83,2.5,1,6,21,23,7.5,4,5,0,4,6,523,0,2
1,33.92,1.585,2,7,22,22,0,4,5,0,5,6,320,0,2
1,24.92,1.25,1,6,22,22,0,4,5,0,5,6,80,0,2
2,35.25,3.165,1,6,19,24,3.75,4,5,0,4,6,680,0,2
2,34.25,1.75,1,6,18,25,0.25,4,5,0,4,6,163,0,2
2,80.25,5.5,1,6,0,0,0.54,4,5,0,5,6,0,340,2
2,19.42,1.5,2,7,11,23,2,4,5,0,4,6,100,20,2
2,42.75,3,1,6,12,25,1,4,5,0,5,6,0,200,2
2,19.67,10,2,7,14,24,0.835,4,5,0,4,6,140,0,2
2,36.33,3.79,1,6,18,23,1.165,4,5,0,4,6,200,0,2
2,30.08,1.04,2,7,12,25,0.5,4,4,10,4,6,132,28,2
2,44.25,11,2,7,10,23,1.5,4,5,0,5,30,0,0,2
2,23.58,0.46,2,7,18,23,2.625,4,4,6,4,6,208,347,2
2,23.92,1.5,1,6,10,24,1.875,4,4,6,5,6,200,327,1
2,33.17,1,1,6,19,23,0.75,4,4,7,4,6,340,4071,1
2,48.33,12,1,6,15,23,16,4,5,0,5,30,110,0,1
2,76.75,22.29,1,6,20,27,12.75,4,4,1,4,6,0,109,1
2,51.33,10,1,6,12,25,0,4,4,11,5,6,0,1249,1
2,34.75,15,1,6,16,26,5.375,4,4,9,4,6,0,134,1
2,38.58,3.335,1,6,18,23,4,4,4,14,5,6,383,1344,1
1,22.42,11.25,2,7,19,24,0.75,4,4,4,5,6,0,321,1
2,41.92,0.42,1,6,9,24,0.21,4,4,6,5,6,220,948,1
2,29.58,4.5,1,6,18,23,7.5,4,4,2,4,6,330,0,1
1,32.17,1.46,1,6,18,23,1.085,4,4,16,5,6,120,2079,1
2,51.42,0.04,1,6,19,24,0.04,4,5,0,5,6,0,3000,1
1,22.83,2.29,1,6,17,24,2.29,4,4,7,4,6,140,2384,1
1,25,12.33,1,6,11,24,3.5,4,4,6,5,6,400,458,1
2,26.75,1.125,1,6,19,24,1.25,4,5,0,5,6,0,5298,1
2,23.33,1.5,1,6,9,24,1.415,4,5,0,5,6,422,200,1
2,24.42,12.335,1,6,17,24,1.585,4,5,0,4,6,120,0,1
2,42.17,5.04,1,6,17,24,12.75,4,5,0,4,6,92,0,1
1,20.83,3,1,6,21,23,0.04,4,5,0,5,6,100,0,1
2,23.08,11.5,1,6,18,24,2.125,4,4,11,4,6,290,284,1
1,25.17,2.875,1,6,19,24,0.875,4,5,0,5,6,360,0,1
2,43.08,0.375,2,7,9,23,0.375,4,4,8,4,6,300,162,1
1,35.75,0.915,1,6,21,23,0.75,4,4,4,5,6,0,1583,1
2,59.5,2.75,1,6,18,23,1.75,4,4,5,4,6,60,58,1
2,21,3,2,7,10,23,1.085,4,4,8,4,6,160,1,1
2,21.92,0.54,2,7,19,23,0.04,4,4,1,4,6,840,59,1
1,65.17,14,1,6,22,22,0,4,4,11,4,6,0,1400,1
1,20.33,10,1,6,9,24,1,4,4,4,5,6,50,1465,1
2,32.25,0.165,2,7,9,24,3.25,4,4,1,4,6,432,8000,1
2,30.17,0.5,1,6,9,23,1.75,4,4,11,5,6,32,540,1
2,25.17,6,1,6,9,23,1,4,4,3,5,6,0,0,1
2,39.17,1.625,1,6,9,23,1.5,4,4,10,5,6,186,4700,1
2,39.08,6,1,6,15,23,1.29,4,4,5,4,6,108,1097,1
2,31.67,0.83,1,6,19,23,1.335,4,4,8,4,6,303,3290,1
2,41,0.04,1,6,20,23,0.04,5,4,1,5,30,560,0,1
2,48.5,4.25,1,6,15,23,0.125,4,5,0,4,6,225,0,1
2,32.67,9,2,7,18,24,5.25,4,5,0,4,6,154,0,1
1,28.08,15,2,7,20,27,0,4,5,0,5,6,0,13212,1
2,73.42,17.75,1,6,22,22,0,4,5,0,4,6,0,0,1
2,64.08,20,1,6,19,24,17.5,4,4,9,4,6,0,1000,1
2,51.58,15,1,6,9,23,8.5,4,4,9,5,6,0,0,1
2,26.67,1.75,2,7,9,23,1,4,4,5,4,6,160,5777,1
2,25.33,0.58,1,6,9,23,0.29,4,4,7,4,6,96,5124,1
2,30.17,6.5,1,6,11,23,3.125,4,4,8,5,6,330,1200,1
2,27,0.75,1,6,9,24,4.25,4,4,3,4,6,312,150,1
2,23.17,0,0,0,0,0,0,5,5,0,5,7,0,0,1
2,34.17,5.25,1,6,18,23,0.085,5,5,0,4,6,290,6,1
2,38.67,0.21,1,6,14,23,0.085,4,5,0,4,6,280,0,1
2,25.75,0.75,1,6,9,25,0.25,4,5,0,5,6,349,23,1
1,46.08,3,1,6,9,23,2.375,4,4,8,4,6,396,4159,1
1,21.5,6,1,6,21,23,2.5,4,4,3,5,6,80,918,1
0,20.08,0.125,1,6,17,23,1,5,4,1,5,6,240,768,1
2,20.5,2.415,1,6,9,23,2,4,4,11,4,6,200,3000,1
1,29.5,0.46,1,6,14,23,0.54,4,4,4,5,6,380,500,1
0,42.25,1.75,2,7,0,0,0,5,5,0,4,6,150,1,2
2,29.83,1.25,2,7,14,23,0.25,5,5,0,5,6,224,0,2
2,20.08,0.25,1,6,17,23,0.125,5,5,0,5,6,200,0,2
2,23.42,0.585,1,6,9,24,0.085,4,5,0,5,6,180,0,2
1,29.58,1.75,2,7,14,23,1.25,5,5,0,4,6,280,0,2
2,16.17,0.04,1,6,9,23,0.04,5,5,0,5,6,0,0,1
2,32.33,3.5,1,6,14,23,0.5,5,5,0,4,6,232,0,2
2,0,0.04,2,7,10,23,4.25,5,5,0,4,6,460,0,2
2,47.83,4.165,1,6,19,25,0.085,5,5,0,4,6,520,0,2
2,20,1.25,2,7,14,23,0.125,5,5,0,5,6,140,4,2
2,27.58,3.25,2,7,17,24,5.085,5,4,2,4,6,369,1,2
2,22,0.79,1,6,18,23,0.29,5,4,1,5,6,420,283,2
2,19.33,10.915,1,6,9,25,0.585,5,4,2,4,6,200,7,2
1,38.33,4.415,1,6,9,23,0.125,5,5,0,5,6,160,0,2
2,29.42,1.25,1,6,9,24,0.25,5,4,2,4,6,400,108,2
2,22.67,0.75,1,6,12,23,1.585,5,4,1,4,6,400,9,2
2,32.25,14,2,7,22,22,0,5,4,2,5,6,160,1,2
2,29.58,4.75,1,6,15,23,2,5,4,1,4,6,460,68,2
2,18.42,10.415,2,7,21,23,0.125,4,5,0,5,6,120,375,2
2,22.17,2.25,1,6,12,23,0.125,5,5,0,5,6,160,10,2
2,22.67,0.165,1,6,9,13,2.25,5,5,0,4,30,0,0,1
1,25.58,0,0,0,0,0,0,5,5,0,5,7,0,0,1
2,18.83,0,1,6,17,23,0.665,5,5,0,5,6,160,1,2
2,21.58,0.79,2,7,11,23,0.665,5,5,0,5,6,160,0,2
2,23.75,12,1,6,9,23,2.085,5,5,0,5,30,80,0,2
2,22,7.835,2,7,12,25,0.165,5,5,0,4,6,0,0,2
2,36.08,2.54,1,6,22,22,0,5,5,0,5,6,0,1000,2
2,29.25,13,1,6,10,24,0.5,5,5,0,5,6,228,0,2
1,19.58,0.665,1,6,18,23,1.665,5,5,0,5,6,220,5,2
1,22.92,1.25,1,6,17,23,0.25,5,5,0,4,6,120,809,2
1,27.25,0.29,1,6,15,24,0.125,5,4,1,4,6,272,108,2
1,38.75,1.5,1,6,22,22,0,5,5,0,5,6,76,0,2
2,32.42,2.165,2,7,14,22,0,5,5,0,5,6,120,0,2
1,23.75,0.71,1,6,18,23,0.25,5,4,1,4,6,240,4,2
2,18.17,2.46,1,6,9,26,0.96,5,4,2,4,6,160,587,2
2,40.92,0.5,2,7,15,23,0.5,5,5,0,4,6,130,0,2
2,19.5,9.585,1,6,21,23,0.79,5,5,0,5,6,80,350,2
2,28.58,3.625,1,6,21,23,0.25,5,5,0,4,6,100,0,2
2,35.58,0.75,1,6,14,23,1.5,5,5,0,4,6,231,0,2
2,34.17,2.75,1,6,12,25,2.5,5,5,0,4,6,232,200,2
0,33.17,2.25,2,7,11,23,3.5,5,5,0,4,6,200,141,2
2,31.58,0.75,2,7,21,23,3.5,5,5,0,4,6,320,0,2
1,52.5,7,1,6,21,24,3,5,5,0,5,6,0,0,2
2,36.17,0.42,2,7,18,23,0.29,5,5,0,4,6,309,2,2
2,37.33,2.665,1,6,11,23,0.165,5,5,0,4,6,0,501,2
1,20.83,8.5,1,6,9,23,0.165,5,5,0,5,6,0,351,2
2,24.08,9,1,6,21,23,0.25,5,5,0,4,6,0,0,2
2,25.58,0.335,1,6,14,24,3.5,5,5,0,4,6,340,0,2
1,35.17,3.75,1,6,22,22,0,5,4,6,5,6,0,200,2
2,48.08,3.75,1,6,12,25,1,5,5,0,5,6,100,2,2
1,15.83,7.625,1,6,17,23,0.125,5,4,1,4,6,0,160,2
1,22.5,0.415,1,6,12,23,0.335,5,5,0,4,30,144,0,2
2,21.5,11.5,1,6,12,23,0.5,4,5,0,4,6,100,68,2
1,23.58,0.83,1,6,17,23,0.415,5,4,1,4,6,200,11,2
1,21.08,5,2,7,22,22,0,5,5,0,5,6,0,0,2
2,25.67,3.25,1,6,9,24,2.29,5,4,1,4,6,416,21,2
1,38.92,1.665,1,6,21,23,0.25,5,5,0,5,6,0,390,2
1,15.75,0.375,1,6,9,23,1,5,5,0,5,6,120,18,2
1,28.58,3.75,1,6,9,23,0.25,5,4,1,4,6,40,154,2
2,22.25,9,1,6,21,23,0.085,5,5,0,5,6,0,0,2
2,29.83,3.5,1,6,9,23,0.165,5,5,0,5,6,216,0,2
1,23.5,1.5,1,6,18,23,0.875,5,5,0,4,6,160,0,2
2,32.08,4,2,7,11,23,1.5,5,5,0,4,6,120,0,2
2,31.08,1.5,2,7,18,23,0.04,5,5,0,5,30,160,0,2
2,31.83,0.04,2,7,15,23,0.04,5,5,0,5,6,0,0,2
1,21.75,11.75,1,6,9,23,0.25,5,5,0,4,6,180,0,2
1,17.92,0.54,1,6,9,23,1.75,5,4,1,4,6,80,5,2
2,30.33,0.5,1,6,10,24,0.085,5,5,0,4,30,252,0,2
2,51.83,2.04,2,7,22,22,1.5,5,5,0,5,6,120,1,2
2,47.17,5.835,1,6,18,23,5.5,5,5,0,5,6,465,150,2
2,25.83,12.835,1,6,11,23,0.5,5,5,0,5,6,0,2,2
1,50.25,0.835,1,6,21,23,0.5,5,5,0,4,6,240,117,2
0,29.5,2,2,7,20,24,2,5,5,0,5,6,256,17,2
1,37.33,2.5,1,6,12,24,0.21,5,5,0,5,6,260,246,2
1,41.58,1.04,1,6,21,23,0.665,5,5,0,5,6,240,237,2
1,30.58,10.665,1,6,17,24,0.085,5,4,12,4,6,129,3,2
2,19.42,7.25,1,6,15,23,0.04,5,4,1,5,6,100,1,2
1,17.92,10.21,1,6,22,22,0,5,5,0,5,6,0,50,2
1,20.08,1.25,1,6,9,23,0,5,5,0,5,6,0,0,2
2,19.5,0.29,1,6,14,23,0.29,5,5,0,5,6,280,364,2
2,27.83,1,2,7,10,24,3,5,5,0,5,6,176,537,2
2,17.08,3.29,1,6,12,23,0.335,5,5,0,4,6,140,2,2
2,36.42,0.75,2,7,10,23,0.585,5,5,0,5,6,240,3,2
2,40.58,3.29,1,6,15,23,3.5,5,5,0,4,30,400,0,2
2,21.08,10.085,2,7,20,24,1.25,5,5,0,5,6,260,0,2
1,22.67,0.75,1,6,9,23,2,5,4,2,4,6,200,394,2
1,25.25,13.5,2,7,22,22,2,5,4,1,4,6,200,1,2
2,17.92,0.205,1,6,21,23,0.04,5,5,0,5,6,280,750,2
2,35,3.375,1,6,9,24,8.29,5,5,0,4,6,0,0,2
